method,iterations,mean_time,sd_time
MCMC,1000,34.85477293459206,29.183917840751736
MCMC,2000,81.6329717035508,66.62588654183686
MCMC,4000,164.442268724573,136.26316171363848
MCMC,8000,351.8441343197936,298.2006050381057
MCMC,16000,730.5425524217841,638.6331525990892
MCMC,32000,1515.070955349711,1383.4234651498616
NBE,0,1.1789066984126984e-4,5.3961642126817986e-5
NPE,1000,0.03526853690476191,0.037309076494333404
NPE,2000,0.06531674124444445,0.04944232149656401
NPE,4000,0.1313895711968254,0.06781975540891202
NPE,8000,0.2632556431761905,0.08221622832359356
NPE,16000,0.5167408967492063,0.13152154116937353
NPE,32000,1.0175829703952382,0.21845418047073117
