parameter,estimate,lower_ci,upper_ci
alpha,7.279360753778361,6.732845442735576,7.825876064821146
beta_1,-3.063129473974852,-3.580904181294884,-2.5453547666548197
beta_2,-4.365377818377102,-4.886719001314891,-3.844036635439313
beta_3,-0.9087444237858464,-1.4525446005312401,-0.3649442470404527
beta_4,-3.7382433708835796,-4.251336914989416,-3.225149826777743
gamma_12,1.4569639570100692,0.9524457982362418,1.9614821157838966
gamma_13,0.9237825863663415,0.41306056965081817,1.434504603081865
gamma_14,0.9521426318963782,0.49557591710869253,1.4087093466840637
gamma_23,0.20873714529842124,-0.32100003157182067,0.7384743221686632
gamma_24,1.6423304614890306,1.1184463576221448,2.1662145653559164
gamma_34,0.925162261267777,0.41582369147757436,1.4345008310579797
